firm_id,roa_t1,rev_growth_t1,asset_turnover_t1,ln_assets_preipo,leverage_preipo,firm_age,rd_intensity_preipo,soe,industry,ipo_year
000001_2020,0.03351538712655085,0.07543773101240779,0.7237065103561594,20.4974965439591,0.25650394946218047,12,0.16560078924854432,0,制造业,2019
000002_2021,0.049347487522527045,0.07335918098223439,0.6317053154993219,19.03547116215835,0.35331338136576296,3,0.09447582134215939,0,软件和信息技术服务业,2020
000003_2022,0.03615465933381892,0.10683392276602621,0.5226266740318013,21.456504492067367,0.26496180579761985,23,0.03284237526322045,1,医药制造业,2021
000004_2023,0.012840077415143255,0.16766327021587668,0.723861633099164,24.420415012247403,0.16489387907914352,14,0.07211433874385269,0,专用设备制造业,2022
000005_2019,0.027872583646347343,0.1718357382666266,0.6118178692348544,22.43488427146365,0.7064762751024161,8,0.02141833370412037,0,制造业,2023
000006_2020,0.016329038145274512,0.15796103918009569,0.7235602761359715,21.44042771395051,0.41892439695412287,17,0.044336436407092866,0,软件和信息技术服务业,2019
000007_2021,0.028600956875127655,0.09071297170175287,0.7109402114449209,22.465080209500307,0.3345210434524717,14,0.013003692769985075,0,医药制造业,2020
000008_2022,0.04428782749838631,0.03202145766522506,0.6329133429086853,20.439041647005556,0.509086314934642,3,0.08705758580502777,0,专用设备制造业,2021
000009_2023,0.02774114275067683,0.12681509319461873,0.6088285086573026,21.702676637302364,0.15438867377580937,19,0.1178718450418055,0,制造业,2022
000010_2019,0.02230759605547842,0.12430189934188085,0.8004562075402311,22.09947747301574,0.31681326396048826,11,0.06835971860441431,0,软件和信息技术服务业,2023
000011_2020,0.030112001213582318,0.2037168132197895,0.8981518413481907,21.91389934817895,0.5718200794193355,18,0.0814649011558971,0,医药制造业,2019
000012_2021,0.038977928774472155,0.21104800484819214,0.7247513535762987,22.790806121690082,0.5302618638415577,22,0.1730655763835779,0,专用设备制造业,2020
000013_2022,0.02254696460230456,0.1710497698912816,0.7005157762342927,22.344645226236054,0.7390835685255213,16,0.13783373066773563,0,制造业,2021
000014_2023,0.020256644510893686,0.17891079612337116,0.7118435908761869,22.668326018107997,0.5222146257948264,17,0.1019456282806417,1,软件和信息技术服务业,2022
000015_2019,0.03534137068892868,0.16812439662600215,0.6001173251659422,21.31162771776924,0.4365035241766396,8,0.058371948769010286,0,医药制造业,2023
000016_2020,0.053292168459844615,0.2117203795764063,0.7705580145996817,22.897815408410548,0.6068595379104046,8,0.1624894557914092,0,专用设备制造业,2019
000017_2021,0.028184694181313422,0.09105757523371294,0.5847076078362438,23.62893694762399,0.6919967231784319,12,0.049966509869712114,0,制造业,2020
000018_2022,0.009271155264310386,0.1475715803593012,0.6925850597189354,21.02985048034859,0.582417568031011,21,0.0653082641878351,1,软件和信息技术服务业,2021
000019_2023,0.03410407068876496,0.16302001502823496,0.5918137227117466,21.11230434428544,0.7279267341296277,14,0.16454101845190125,0,医药制造业,2022
000020_2019,0.03814086147345001,0.21328800099424366,0.5821988064642765,23.335784336320234,0.6192031024429063,10,0.1000221493984623,0,专用设备制造业,2023
000021_2020,0.037194337878132075,0.13947924646198684,0.5086048053159379,21.80865601330494,0.6700808629571559,20,0.13619405140105603,0,制造业,2019
000022_2021,0.029393276727773015,0.12575190252038845,0.4264587102509189,23.403821392066558,0.2184624427101823,21,0.11042661500784023,0,软件和信息技术服务业,2020
000023_2022,-0.0022066734719638423,0.10198518829248181,0.5207116515735221,21.557464288107816,0.5894481017962726,22,0.12108466553161416,0,医药制造业,2021
000024_2023,0.02119088510320487,0.13542864969894128,0.6033600279090264,23.455045576270713,0.4140532197164212,9,0.06089515955752035,0,专用设备制造业,2022
000025_2019,0.033954730553048096,0.18561295407654732,0.7893438315952778,22.13148581680545,0.48186228144676513,18,0.05103325047653269,1,制造业,2023
000026_2020,0.011506533409776136,0.04231441366023886,0.7170592888271083,22.258228823322696,0.542461445689414,15,0.06482369901867309,1,软件和信息技术服务业,2019
000027_2021,0.045025382473538614,0.08597405957527253,0.5751598466366981,23.564718021669904,0.7318890700233417,12,0.03642506589418182,0,医药制造业,2020
000028_2022,0.02320701256930549,0.04446106945475567,0.5940042477344678,21.63822952255583,0.7407468488589748,11,0.15863344209943725,1,专用设备制造业,2021
000029_2023,0.037011985752279715,0.028957631689121785,0.6058029082427394,21.058877904075043,0.32293694729274314,5,0.05815197865251939,1,制造业,2022
000030_2019,0.04243135658308117,0.1705091575871385,0.7723772385431853,21.551435791971645,0.5902520984627497,9,0.10545319705044537,0,软件和信息技术服务业,2023
000031_2020,0.02408767802833895,0.14532181837241756,0.5524263809826454,22.452333950643137,0.5999901227611611,15,0.14463565227403358,0,医药制造业,2019
000032_2021,0.04928379757067529,0.16155304271322599,0.7683263454443108,20.434240927819484,0.3578957167878293,22,0.1432500985938713,0,专用设备制造业,2020
000033_2022,0.03799467564156725,0.1768871904176793,0.6681864848108433,22.63747090265112,0.22432186491853262,22,0.08452566395931278,1,制造业,2021
000034_2023,0.02660731220875579,0.1872507846808461,0.6892145488728993,21.461228682382256,0.17456817617143186,7,0.09096374245974335,0,软件和信息技术服务业,2022
000035_2019,0.020627192819544143,0.18015558789356523,0.4620350253224228,23.147812660733564,0.6164058765175071,17,0.17909929731895421,1,医药制造业,2023
000036_2020,0.0203662717735466,0.14354227652651427,0.6425049203565049,19.60573969509953,0.4438198450901435,4,0.12468157108643407,0,专用设备制造业,2019
000037_2021,0.03594802394950035,0.2399492267341815,0.9172003841428976,21.21343422489583,0.7413241016969557,17,0.14848853533004006,1,制造业,2020
000038_2022,0.04289485907963067,0.19786658613416822,0.783207054643256,20.313531848765898,0.42898407371619185,10,0.16343417476726943,1,软件和信息技术服务业,2021
000039_2023,0.025947964952287593,0.08447216773488482,0.701569370998515,21.17377053363605,0.7367501874443041,12,0.14389027215898767,0,医药制造业,2022
000040_2019,0.05210071587092722,0.15658740259553605,0.7541414014684509,22.24766590110894,0.3969456013164359,18,0.04148048864210649,0,专用设备制造业,2023
000041_2020,0.02555534639793477,0.09439529602490578,0.7455878253681347,21.820773374550246,0.6262092903359835,12,0.10556902473538726,1,制造业,2019
000042_2021,0.025226621300993318,0.09502344212588465,0.6172710372820974,21.746622431051986,0.20089156338709924,20,0.027322006743472627,0,软件和信息技术服务业,2020
000043_2022,0.04733339625640332,0.1396556879357193,0.6565181197453723,21.84081512861994,0.4832770260826583,14,0.12099676151587971,0,医药制造业,2021
000044_2023,0.021675170183428304,0.18751240838359193,0.580529828034398,22.203388240619944,0.6312358721914345,24,0.17240940279192787,1,专用设备制造业,2022
000045_2019,0.03006105613392492,0.2608891604787836,0.7506925591712293,20.991463958056894,0.7048210003319332,17,0.09716445093101891,0,制造业,2023
000046_2020,0.021719671461583805,0.049980752860963595,0.4994499012113135,22.70684964089905,0.643549854370459,9,0.0836053237875204,0,软件和信息技术服务业,2019
000047_2021,0.04388874326523625,0.1859760474941451,0.7468059497881387,22.662665970385483,0.17218243632070454,20,0.01609326774108774,0,医药制造业,2020
000048_2022,0.022784653333828394,0.07598398137678869,0.6781861025814473,22.3850379376561,0.3736214047840405,11,0.17316166879596745,0,专用设备制造业,2021
000049_2023,0.04326837263235111,0.17367115460710372,0.6791526464028281,22.556533442751263,0.17921908338831075,14,0.027510456302126993,1,制造业,2022
000050_2019,0.04207094578983756,0.15395468535813053,0.655124149028923,22.29641800080866,0.2155693746687348,6,0.01698344586182398,1,软件和信息技术服务业,2023
000051_2020,0.04139649979592544,0.06738960608869794,0.7101436393608943,24.035073302731067,0.5551833772004905,5,0.05183132395583954,0,医药制造业,2019
000052_2021,0.044464439230559566,0.22318467223038008,0.696692349294836,21.91290582894749,0.5779549177870189,15,0.02114017376612501,0,专用设备制造业,2020
000053_2022,0.04757700956912064,0.10265140005654283,0.6792475985624903,21.692916781665424,0.6142324096509758,7,0.08737003320999959,1,制造业,2021
000054_2023,0.033064445523968915,0.13865317531921031,0.5444160125638249,21.246472419642622,0.6692739288333978,24,0.09773492621370909,0,软件和信息技术服务业,2022
000055_2019,-0.0017390087038331933,0.061401022086011336,0.5295211242851638,20.967737329422164,0.5936588810859059,21,0.06313689133485927,0,医药制造业,2023
000056_2020,0.05777379662147901,0.152479595184545,0.584585064440541,20.755528212398925,0.6305229552639792,18,0.018663282037730627,0,专用设备制造业,2019
000057_2021,0.03131482090819075,0.1890699676880229,0.5775296553238957,21.111202686769083,0.17937822589396754,19,0.028972062602368537,0,制造业,2020
000058_2022,0.039773889488851966,0.16662303808944465,0.828669658748486,21.92931961834793,0.2907210902647791,16,0.07536574425828776,1,软件和信息技术服务业,2021
000059_2023,0.0419255848944128,0.16292333425154665,0.7122554229241952,22.334295128497715,0.5231386640251474,4,0.020289836640511143,0,医药制造业,2022
000060_2019,0.024616973390080673,0.20001479909845196,0.6775581317425763,22.051142058552163,0.6648751827748939,11,0.12869225335368528,0,专用设备制造业,2023
