firm_id,company,stock_code,board,ipo_year_auth,industry_auth,mention_z,scene_specificity,prudence,packaging_risk,evidence_support,auth_index,pack_index,roa_t1,rev_growth_t1,asset_turnover_t1,ln_assets_preipo,leverage_preipo,firm_age,rd_intensity_preipo,soe,industry_fin,ipo_year_fin,industry,ipo_year,perf_index
000001_2020,示例公司001,1,科创板,2019,制造业,0.6062760446652402,2,0,1,1,-0.0145642690372311,0.3155215250256621,0.0335153871265508,0.0754377310124077,0.7237065103561594,20.4974965439591,0.2565039494621804,12,0.1656007892485443,0,制造业,2019,制造业,2019,-0.15650022920900916
000002_2021,示例公司002,2,创业板,2020,软件和信息技术服务业,-0.3911451201744418,0,2,0,0,-0.482203762172157,-0.0008989079341562,0.049347487522527,0.0733591809822343,0.6317053154993219,19.03547116215835,0.3533133813657629,3,0.0944758213421593,0,软件和信息技术服务业,2020,软件和信息技术服务业,2020,-0.055679875175124294
000003_2022,示例公司003,3,主板,2021,医药制造业,0.8853500797214898,1,1,3,1,-0.0150486303618669,0.6863204766524041,0.0361546593338189,0.1068339227660262,0.5226266740318013,21.456504492067367,0.2649618057976198,23,0.0328423752632204,1,医药制造业,2021,医药制造业,2021,-0.5654214944904823
000004_2023,示例公司004,4,北交所,2022,专用设备制造业,0.1873815083358034,2,1,3,1,0.1201451920255855,0.1486947527457608,0.0128400774151432,0.1676632702158766,0.723861633099164,24.420415012247403,0.1648938790791435,14,0.0721143387438526,0,专用设备制造业,2022,专用设备制造业,2022,-0.1394631730032233
000005_2019,示例公司005,5,科创板,2023,制造业,-0.3665348347654374,1,0,0,2,-0.6509919266695928,0.0976773401592737,0.0278725836463473,0.1718357382666266,0.6118178692348544,22.43488427146365,0.7064762751024161,8,0.0214183337041203,0,制造业,2023,制造业,2023,-0.08849154462971294
000006_2020,示例公司006,6,创业板,2019,软件和信息技术服务业,-1.0896580384208503,0,3,2,1,-0.4313798156844318,-0.2795730329808462,0.0163290381452745,0.1579610391800956,0.7235602761359715,21.44042771395051,0.4189243969541228,17,0.0443364364070928,0,软件和信息技术服务业,2019,软件和信息技术服务业,2019,-0.10726972349008779
000007_2021,示例公司007,7,主板,2020,医药制造业,-0.8251622308462153,2,1,0,2,-0.18361792972902,-0.5177971282665046,0.0286009568751276,0.0907129717017528,0.7109402114449209,22.465080209500307,0.3345210434524717,14,0.013003692769985,0,医药制造业,2020,医药制造业,2020,-0.23604251957420483
000008_2022,示例公司008,8,北交所,2021,专用设备制造业,-0.4989717956102279,2,2,2,2,0.1746170228034239,-0.3865899119202362,0.0442878274983863,0.032021457665225,0.6329133429086853,20.43904164700556,0.509086314934642,3,0.0870575858050277,0,专用设备制造业,2021,专用设备制造业,2021,-0.4400168928317752
000009_2023,示例公司009,9,科创板,2022,制造业,-0.6533463115757532,0,1,3,2,-0.8212419415541982,0.3292802154858757,0.0277411427506768,0.1268150931946187,0.6088285086573026,21.702676637302364,0.1543886737758093,19,0.1178718450418055,0,制造业,2022,制造业,2022,-0.37842052255732667
000010_2019,示例公司010,10,创业板,2023,软件和信息技术服务业,-0.7644955419065992,1,1,0,1,-0.5100023168502936,-0.2350921573382894,0.0223075960554784,0.1243018993418808,0.8004562075402311,22.09947747301574,0.3168132639604882,11,0.0683597186044143,0,软件和信息技术服务业,2023,软件和信息技术服务业,2023,0.10196731505979313
000011_2020,示例公司011,11,主板,2019,医药制造业,1.2186294208367838,0,3,1,0,0.2611064220928584,0.5565838222757215,0.0301120012135823,0.2037168132197895,0.8981518413481907,21.91389934817895,0.5718200794193355,18,0.0814649011558971,0,医药制造业,2019,医药制造业,2019,1.1235770364671966
000012_2021,示例公司012,12,北交所,2020,专用设备制造业,-0.2887584592451144,2,0,0,1,-0.2830746202103375,-0.1296504049849657,0.0389779287744721,0.2110480048481921,0.7247513535762987,22.79080612169008,0.5302618638415577,22,0.1730655763835779,0,专用设备制造业,2020,专用设备制造业,2020,0.824949628461359
000013_2022,示例公司013,13,科创板,2021,制造业,-0.1405312342426204,2,2,2,0,0.2821491912137061,-0.2432136873731932,0.0225469646023045,0.1710497698912816,0.7005157762342927,22.344645226236054,0.7390835685255213,16,0.1378337306677356,0,制造业,2021,制造业,2021,0.061442361738395124
000014_2023,示例公司014,14,创业板,2022,软件和信息技术服务业,-0.0789069279486963,2,2,3,1,0.3006364831018834,-0.1314058364091375,0.0202566445108936,0.1789107961233711,0.7118435908761869,22.668326018108,0.5222146257948264,17,0.1019456282806417,1,软件和信息技术服务业,2022,软件和信息技术服务业,2022,0.08666041701819983
000015_2019,示例公司015,15,主板,2023,医药制造业,-0.3456514039348703,3,1,0,2,0.3048197121475418,-0.5844310928543355,0.0353413706889286,0.1681243966260021,0.6001173251659422,21.31162771776924,0.4365035241766396,8,0.0583719487690102,0,医药制造业,2023,医药制造业,2023,0.048227978416163074
000016_2020,示例公司016,16,北交所,2019,专用设备制造业,0.2311957367970454,3,1,1,1,0.4778738543671165,-0.2665341081150831,0.0532921684598446,0.2117203795764063,0.7705580145996817,22.897815408410548,0.6068595379104046,8,0.1624894557914092,0,专用设备制造业,2019,专用设备制造业,2019,1.3627712142771202
000017_2021,示例公司017,17,科创板,2020,制造业,0.6232402069544685,1,0,3,0,-0.3540594141536211,0.7550617421866942,0.0281846941813134,0.0910575752337129,0.5847076078362438,23.62893694762399,0.6919967231784319,12,0.0499665098697121,0,制造业,2020,制造业,2020,-0.6667892710367851
000018_2022,示例公司018,18,创业板,2021,软件和信息技术服务业,-0.3324102164425713,0,3,1,1,-0.2042054690909481,-0.0638320326360205,0.0092711552643103,0.1475715803593012,0.6925850597189354,21.02985048034859,0.582417568031011,21,0.0653082641878351,1,软件和信息技术服务业,2021,软件和信息技术服务业,2021,-0.4622442752471305
000019_2023,示例公司019,19,主板,2022,医药制造业,0.3016294094311211,2,3,0,2,0.6751752062774763,-0.414250901437767,0.0341040706887649,0.1630200150282349,0.5918137227117466,21.11230434428544,0.7279267341296277,14,0.1645410184519012,0,医药制造业,2022,医药制造业,2022,-0.04376211345502664
000020_2019,示例公司020,20,北交所,2023,专用设备制造业,0.2525252787512858,3,0,1,2,0.2238948949917409,-0.0844170766922884,0.03814086147345,0.2132880009942436,0.5821988064642765,23.335784336320238,0.6192031024429063,10,0.1000221493984623,0,专用设备制造业,2023,专用设备制造业,2023,0.34012013212068765
000021_2020,示例公司021,21,科创板,2019,制造业,0.7131919556511512,3,0,2,0,0.3620948980617006,0.1870077225141437,0.037194337878132,0.1394792464619868,0.5086048053159379,21.80865601330494,0.6700808629571559,20,0.136194051401056,0,制造业,2019,制造业,2019,-0.3841721490383117
000022_2021,示例公司022,22,创业板,2020,软件和信息技术服务业,-0.3219255186046905,0,0,2,1,-0.9821935256245272,0.5482756188689133,0.029393276727773,0.1257519025203884,0.4264587102509189,23.40382139206656,0.2184624427101823,21,0.1104266150078402,0,软件和信息技术服务业,2020,软件和信息技术服务业,2020,-0.9503872072106274
000023_2022,示例公司023,23,主板,2021,医药制造业,-0.3670930485943134,0,0,1,1,-0.995743784621414,0.4430504784265781,-0.0022066734719638,0.1019851882924818,0.5207116515735221,21.557464288107816,0.5894481017962726,22,0.1210846655316141,0,医药制造业,2021,医药制造业,2021,-1.621671947979003
000024_2023,示例公司024,24,北交所,2022,专用设备制造业,-0.870652001751936,0,3,3,0,-0.3656780046837575,-0.1048124898667944,0.0211908851032048,0.1354286496989412,0.6033600279090264,23.455045576270717,0.4140532197164212,9,0.0608951595575203,0,专用设备制造业,2022,专用设备制造业,2022,-0.517982139995095
000025_2019,示例公司025,25,科创板,2023,制造业,0.4924548580865003,0,3,2,0,0.0432540532677733,0.3532721256220942,0.033954730553048,0.1856129540765473,0.7893438315952778,22.13148581680545,0.4818622814467651,18,0.0510332504765326,1,制造业,2023,制造业,2023,0.7510239639470783
000026_2020,示例公司026,26,创业板,2019,软件和信息技术服务业,0.1937919076376695,2,0,1,0,-0.1383095101455023,0.1505278702146338,0.0115065334097761,0.0423144136602388,0.7170592888271083,22.258228823322696,0.542461445689414,15,0.064823699018673,1,软件和信息技术服务业,2019,软件和信息技术服务业,2019,-0.9673463734401962
000027_2021,示例公司027,27,主板,2020,医药制造业,-0.4862042581054188,2,2,3,2,0.1784472840548666,-0.2943247684718265,0.0450253824735386,0.0859740595752725,0.5751598466366981,23.564718021669904,0.7318890700233417,12,0.0364250658941818,0,医药制造业,2020,医药制造业,2020,-0.2820909420216255
000028_2022,示例公司028,28,北交所,2021,专用设备制造业,-0.1254989239420398,1,0,3,2,-0.5786811534225735,0.4555660898280909,0.0232070125693054,0.0444610694547556,0.5940042477344678,21.63822952255583,0.7407468488589748,11,0.1586334420994372,1,专用设备制造业,2021,专用设备制造业,2021,-1.054210145442419
000029_2023,示例公司029,29,科创板,2022,制造业,-0.548760462837167,1,1,1,2,-0.4452817931294639,-0.0616399972640305,0.0370119857522797,0.0289576316891217,0.6058029082427394,21.058877904075043,0.3229369472927431,5,0.0581519786525193,1,制造业,2022,制造业,2022,-0.7428910953171403
000030_2019,示例公司030,30,创业板,2023,软件和信息技术服务业,0.8269347388069388,3,2,0,2,0.9169733769317324,-0.2889818503987102,0.0424313565830811,0.1705091575871385,0.7723772385431853,21.551435791971645,0.5902520984627497,9,0.1054531970504453,0,软件和信息技术服务业,2023,软件和信息技术服务业,2023,0.8269929476541981
000031_2020,示例公司031,31,主板,2019,医药制造业,0.5646621227384142,1,2,2,2,0.1491228045048581,0.2973019507715894,0.0240876780283389,0.1453218183724175,0.5524263809826454,22.452333950643137,0.5999901227611611,15,0.1446356522740335,0,医药制造业,2019,医药制造业,2019,-0.5503942585903722
000032_2021,示例公司032,32,北交所,2020,专用设备制造业,-0.6083834410234482,3,3,2,0,0.7467557449442639,-0.8623780800789915,0.0492837975706752,0.1615530427132259,0.7683263454443108,20.434240927819484,0.3578957167878293,22,0.1432500985938713,0,专用设备制造业,2020,专用设备制造业,2020,0.9406785220219908
000033_2022,示例公司033,33,科创板,2021,制造业,-0.7547770526153261,3,0,0,2,-0.0782958044182425,-0.5744961376854192,0.0379946756415672,0.1768871904176793,0.6681864848108433,22.63747090265112,0.2243218649185326,22,0.0845256639593127,1,制造业,2021,制造业,2021,0.40003636177558227
000034_2023,示例公司034,34,创业板,2022,软件和信息技术服务业,0.2104419020638133,1,0,2,0,-0.4778989056208176,0.502784291783946,0.0266073122087557,0.1872507846808461,0.6892145488728993,21.461228682382256,0.1745681761714318,7,0.0909637424597433,0,软件和信息技术服务业,2022,软件和信息技术服务业,2022,0.2311312630575095
000035_2019,示例公司035,35,主板,2023,医药制造业,-0.1953710872486245,0,1,3,1,-0.6838493742560595,0.5124703052167272,0.0206271928195441,0.1801555878935652,0.4620350253224228,23.147812660733564,0.6164058765175071,17,0.1790992973189542,1,医药制造业,2023,医药制造业,2023,-0.7305533483329131
000036_2020,示例公司036,36,北交所,2019,专用设备制造业,-0.324543885449378,3,1,0,1,0.3111519676931895,-0.5759880854601385,0.0203662717735466,0.1435422765265142,0.6425049203565049,19.60573969509953,0.4438198450901435,4,0.124681571086434,0,专用设备制造业,2019,专用设备制造业,2019,-0.3592899202555493
000037_2021,示例公司037,37,科创板,2020,制造业,-0.8177334964640185,2,3,2,1,0.3393663345089345,-0.6876798069028509,0.0359480239495003,0.2399492267341815,0.9172003841428976,21.21343422489583,0.7413241016969557,17,0.14848853533004,1,制造业,2020,制造业,2020,1.5648952052156417
000038_2022,示例公司038,38,创业板,2021,软件和信息技术服务业,-0.0552446530874276,1,3,0,0,0.2235285937187533,-0.2985622310928178,0.0428948590796306,0.1978665861341682,0.783207054643256,20.313531848765894,0.4289840737161918,10,0.1634341747672694,1,软件和信息技术服务业,2021,软件和信息技术服务业,2021,1.0434906297366744
000039_2023,示例公司039,39,主板,2022,医药制造业,0.5597806694626652,2,1,2,0,0.231864940363644,0.2104962887500196,0.0259479649522875,0.0844721677348848,0.701569370998515,21.17377053363605,0.7367501874443041,12,0.1438902721589876,0,医药制造业,2022,医药制造业,2022,-0.3762218926866087
000040_2019,示例公司040,40,北交所,2023,专用设备制造业,0.2491496967239882,2,3,1,2,0.6594312924653365,-0.3480846580741342,0.0521007158709272,0.156587402595536,0.7541414014684509,22.24766590110894,0.3969456013164359,18,0.0414804886421064,0,专用设备制造业,2023,专用设备制造业,2023,0.9376954439803686
000041_2020,示例公司041,41,科创板,2019,制造业,-0.262928753680538,3,1,0,0,0.3296365072238415,-0.5513420327526025,0.0255553463979347,0.0943952960249057,0.7455878253681347,21.82077337455025,0.6262092903359835,12,0.1055690247353872,1,制造业,2019,制造业,2019,-0.17864675895747817
000042_2021,示例公司042,42,创业板,2020,软件和信息技术服务业,1.2219971302092951,1,2,3,0,0.3463233067461224,0.6473940822064279,0.0252266213009933,0.0950234421258846,0.6172710372820974,21.746622431051986,0.2008915633870992,20,0.0273220067434726,0,软件和信息技术服务业,2020,软件和信息技术服务业,2020,-0.6122887999576831
000043_2022,示例公司043,43,主板,2021,医药制造业,-0.2134340043418821,3,1,0,2,0.3444849320254383,-0.5315441330171402,0.0473333962564033,0.1396556879357193,0.6565181197453723,21.84081512861994,0.4832770260826583,14,0.1209967615158797,0,医药制造业,2021,医药制造业,2021,0.3807599349922797
000044_2023,示例公司044,44,北交所,2022,专用设备制造业,0.7680957100516329,3,0,2,0,0.378566024381845,0.2089692242743364,0.0216751701834283,0.1875124083835919,0.580529828034398,22.203388240619944,0.6312358721914345,24,0.1724094027919278,1,专用设备制造业,2022,专用设备制造业,2022,-0.2615736821051707
000045_2019,示例公司045,45,科创板,2023,制造业,0.3784637948466962,0,3,0,2,0.0090567342958321,0.1333594434332005,0.0300610561339249,0.2608891604787836,0.7506925591712293,20.99146395805689,0.7048210003319332,17,0.0971644509310189,0,制造业,2023,制造业,2023,0.9805632540136863
000046_2020,示例公司046,46,创业板,2019,软件和信息技术服务业,-0.4792658363807893,0,0,3,2,-1.0293956209573567,0.5724976202049598,0.0217196714615838,0.0499807528609635,0.4994499012113135,22.70684964089905,0.643549854370459,9,0.0836053237875204,0,软件和信息技术服务业,2019,软件和信息技术服务业,2019,-1.375811411325767
000047_2021,示例公司047,47,主板,2020,医药制造业,0.2525034945735533,2,0,2,1,-0.1206960340647372,0.2611706334354733,0.0438887432652362,0.1859760474941451,0.7468059497881387,22.662665970385483,0.1721824363207045,20,0.0160932677410877,0,医药制造业,2020,医药制造业,2020,0.8752758602392032
000048_2022,示例公司048,48,北交所,2021,专用设备制造业,0.3244834489016215,0,0,3,0,-0.7882708353726335,0.8939973343179242,0.0227846533338283,0.0759839813767886,0.6781861025814473,22.3850379376561,0.3736214047840405,11,0.1731616687959674,0,专用设备制造业,2021,专用设备制造业,2021,-0.5905923290551821
000049_2023,示例公司049,49,科创板,2022,制造业,0.6271758300798638,1,1,1,0,-0.0925009052543547,0.4087345199027818,0.0432683726323511,0.1736711546071037,0.6791526464028281,22.556533442751263,0.1792190833883107,14,0.0275104563021269,1,制造业,2022,制造业,2022,0.5571654874573769
000050_2019,示例公司050,50,创业板,2023,软件和信息技术服务业,-0.6327857044740444,1,0,1,0,-0.7308671875821748,0.0783351207223169,0.0420709457898375,0.1539546853581305,0.655124149028923,22.29641800080866,0.2155693746687348,6,0.0169834458618239,1,软件和信息技术服务业,2023,软件和信息技术服务业,2023,0.32396830845821994
000051_2020,示例公司051,51,主板,2019,医药制造业,0.269868523304588,3,0,2,1,0.2290978683577316,0.0096783495755184,0.0413964997959254,0.0673896060886979,0.7101436393608943,24.035073302731067,0.5551833772004905,5,0.0518313239558395,0,医药制造业,2019,医药制造业,2019,-0.04166882565694274
000052_2021,示例公司052,52,北交所,2020,专用设备制造业,0.7637856264705261,3,2,3,0,0.8980286432308084,-0.0527671099938173,0.0444644392305595,0.22318467223038,0.696692349294836,21.91290582894749,0.5779549177870189,15,0.021140173766125,0,专用设备制造业,2020,专用设备制造业,2020,0.9516108696120585
000053_2022,示例公司053,53,科创板,2021,制造业,-0.6415780413720709,0,3,3,1,-0.2969558165697979,-0.0131829057148483,0.0475770095691206,0.1026514000565428,0.6792475985624903,21.692916781665424,0.6142324096509758,7,0.0873700332099995,1,制造业,2021,制造业,2021,0.23596481115420107
000054_2023,示例公司054,54,创业板,2022,软件和信息技术服务业,0.0335573932306976,3,0,0,0,0.1582045293355645,-0.2591623593470097,0.0330644455239689,0.1386531753192103,0.5444160125638249,21.246472419642625,0.6692739288333978,24,0.097734926213709,0,软件和信息技术服务业,2022,软件和信息技术服务业,2022,-0.37940422847345096
000055_2019,示例公司055,55,主板,2023,医药制造业,-0.1556717580826172,0,1,2,1,-0.6719395755062574,0.4411919084366441,-0.0017390087038331,0.0614010220860113,0.5295211242851638,20.967737329422164,0.5936588810859059,21,0.0631368913348592,0,医药制造业,2023,医药制造业,2023,-1.8290034889528737
000056_2020,示例公司056,56,北交所,2019,专用设备制造业,-0.2774376843575605,2,2,0,0,0.2410772561792241,-0.4722925243121412,0.057773796621479,0.152479595184545,0.584585064440541,20.755528212398925,0.6305229552639792,18,0.0186632820377306,0,专用设备制造业,2019,专用设备制造业,2019,0.496770759017231
000057_2021,示例公司057,57,科创板,2020,制造业,-0.4872675803766356,3,3,1,2,0.7830905031383077,-0.9010898642667524,0.0313148209081907,0.1890699676880229,0.5775296553238957,21.111202686769083,0.1793782258939675,19,0.0289720626023685,0,制造业,2020,制造业,2020,-0.005703398697840978
000058_2022,示例公司058,58,创业板,2021,软件和信息技术服务业,1.1944639306161848,3,2,3,0,1.027232134474506,0.1195042116644461,0.0397738894888519,0.1666230380894446,0.828669658748486,21.92931961834793,0.2907210902647791,16,0.0753657442582877,1,软件和信息技术服务业,2021,软件和信息技术服务业,2021,0.9205606013762262
000059_2023,示例公司059,59,主板,2022,医药制造业,-0.5466895926942107,0,3,1,0,-0.2684892819664399,-0.1495437831366762,0.0419255848944128,0.1629233342515466,0.7122554229241952,22.334295128497715,0.5231386640251474,4,0.0202898366405111,0,医药制造业,2022,医药制造业,2022,0.5660726480798969
000060_2019,示例公司060,60,北交所,2023,专用设备制造业,0.9977884816485098,3,2,3,0,0.9682294997842036,0.0408340320773761,0.0246169733900806,0.2000147990984519,0.6775581317425763,22.051142058552163,0.6648751827748939,11,0.1286922533536852,0,专用设备制造业,2023,专用设备制造业,2023,0.21763302284379152
